Workbook

Sheet Datos
A1: Año | B1: Categoría | C1: Producto | D1: Ventas
A2: 2023 | B2: Componentes | C2: Cadenas | D2: 15300
A3: 2020 | B3: Ropa | C3: Mallas | D3: 12400
A4: 2025 | B4: Suplementos | C4: Gel energético | D4: 8600
A5: 2021 | B5: Electrónica | C5: GPS de ciclismo | D5: 40500
A6: 2024 | B6: Herramientas | C6: Multiherramienta | D6: 4800
A7: 2023 | B7: Accesorios | C7: Cascos | D7: 18300
A8: 2022 | B8: Bicicletas | C8: Bicicleta de montaña | D8: 14500
A9: 2025 | B9: Componentes | C9: Frenos | D9: 5200
A10: 2021 | B10: Ropa | C10: Guantes | D10: 3300
A11: 2020 | B11: Suplementos | C11: Barras de proteína | D11: 10500
A12: 2024 | B12: Electrónica | C12: Monitor de frecuencia cardíaca | D12: 37900
A13: 2023 | B13: Herramientas | C13: Llave inglesa | D13: 2400
... A56: 2021 | B56: Accesorios | C56: Neumáticos y cámaras | D56: 34500

Sheet Tabla de frecuencia simple
A1: Categoría | B1: Frecuencia Absoluta | C1: Frecuencia Absoluta Acumulada | D1: Frecuencia Relativa | E1: Frecuencia Relativa Acumulada
A2: Componentes | B2: =COUNTIF(Datos!B2:B56, "Componentes") -> 10 | C2: =B2 -> 10 | D2: =B2/55 -> 0.18181818 | E2: =D2 -> 0.18181818
A3: Ropa | B3: =COUNTIF(Datos!B2:B56, "Ropa") -> 9 | C3: =C2+B3 -> 19 | D3: =B3/55 -> 0.16363636 | E3: =E2+D3 -> 0.34545455
A4: Suplementos | B4: =COUNTIF(Datos!B2:B56, "Suplementos") -> 7 | C4: =C3+B4 -> 26 | D4: =B4/55 -> 0.12727273 | E4: =E3+D4 -> 0.47272727
A5: Electrónica | B5: =COUNTIF(Datos!B2:B56, "Electrónica") -> 11 | C5: =C4+B5 -> 37 | D5: =B5/55 -> 0.2 | E5: =E4+D5 -> 0.67272727
A6: Herramientas | B6: =COUNTIF(Datos!B2:B56, "Herramientas") -> 6 | C6: =C5+B6 -> 43 | D6: =B6/55 -> 0.10909091 | E6: =E5+D6 -> 0.78181818
A7: Accesorios | B7: =COUNTIF(Datos!B2:B56, "Accesorios") -> 6 | C7: =C6+B7 -> 49 | D7: =B7/55 -> 0.10909091 | E7: =E6+D7 -> 0.89090909
A8: Bicicletas | B8: =COUNTIF(Datos!B2:B56, "Bicicletas") -> 6 | C8: =C7+B8 -> 55 | D8: =B8/55 -> 0.10909091 | E8: =E7+D8 -> 1
A9: Total | B9: 55 | D9: =B9/55 -> 1

Sheet Gráfica de barras
A1: Categoría | B1: Frecuencia Absoluta
A2: Componentes | B2: 10
A3: Ropa | B3: 9
A4: Suplementos | B4: 7
A5: Electrónica | B5: 11
A6: Herramientas | B6: 6
A7: Accesorios | B7: 6
A8: Bicicletas | B8: 6
A9: Total | B9: 55

Sheet Gráfica de Paretto
A1: Categoría | B1: Frecuencia Absoluta | C1: Frecuencia Absoluta Acumulada%
A2: Electrónica | B2: 11 | C2: =+B2/55*100 -> 20
A3: Componentes | B3: 10 | C3: =C2+B3/55*100 -> 38.181818
A4: Ropa | B4: 9 | C4: =C3+B4/55*100 -> 54.545455
A5: Suplementos | B5: 7 | C5: =C4+B5/55*100 -> 67.272727
A6: Herramientas | B6: 6 | C6: =C5+B6/55*100 -> 78.181818
A7: Accesorios | B7: 6 | C7: =C6+B7/55*100 -> 89.090909
A8: Bicicletas | B8: 6 | C8: =C7+B8/55*100 -> 100
A9: Total | B9: 55

Sheet Gráfica de puntos
A1: Electronica | C1: Ropa
A2: Ventas | B2: Año | C2: Ventas | D2: Año
A3: {=_xlfn._xlws.FILTER(Datos!D2:D56,(Datos!B2:B56="Electrónica")*(Datos!A2:A56=2020))} -> 13700 | B3: 2020 | C3: {=_xlfn._xlws.FILTER(Datos!D2:D56,(Datos!B2:B56="Ropa")*(Datos!A2:A56=2020))} -> 12400 | D3: 2020
A4: {=_xlfn._xlws.FILTER(Datos!D2:D56,(Datos!B2:B56="Electrónica")*(Datos!A2:A56=2021))} -> 40500 | B4: 2021 | C4: 7400 | D4: 2020
A5: 40500 | B5: 2021 | C5: 1800 | D5: 2020
A6: {=_xlfn._xlws.FILTER(Datos!D2:D56,(Datos!B2:B56="Electrónica")*(Datos!A2:A56=2022))} -> 37900 | B6: 2022 | C6: {=_xlfn._xlws.FILTER(Datos!D2:D56,(Datos!B2:B56="Ropa")*(Datos!A2:A56=2021))} -> 3300 | D6: 2021
A7: {=_xlfn._xlws.FILTER(Datos!D2:D56,(Datos!B2:B56="Electrónica")*(Datos!A2:A56=2023))} -> 28600 | B7: 2023 | C7: 3300 | D7: 2021
A8: 37900 | B8: 2023 | C8: {=_xlfn._xlws.FILTER(Datos!D2:D56,(Datos!B2:B56="Ropa")*(Datos!A2:A56=2023))} -> 9800 | D8: 2023
A9: 18300 | B9: 2023 | C9: 9200 | D9: 2023
A10: {=_xlfn._xlws.FILTER(Datos!D2:D56,(Datos!B2:B56="Electrónica")*(Datos!A2:A56=2024))} -> 37900 | B10: 2024 | C10: {=_xlfn._xlws.FILTER(Datos!D2:D56,(Datos!B2:B56="Ropa")*(Datos!A2:A56=2024))} -> 22500 | D10: 2024
A11: 28600 | B11: 2024 | C11: {=_xlfn._xlws.FILTER(Datos!D2:D56,(Datos!B2:B56="Ropa")*(Datos!A2:A56=2025))} -> 1200 | D11: 2025
A12: 12400 | B12: 2024
A13: {=_xlfn._xlws.FILTER(Datos!D2:D56,(Datos!B2:B56="Electrónica")*(Datos!A2:A56=2025))} -> 37900 | B13: 2025

Sheet Tabla de contingencia
A1: Categoría | B1: 2020 | C1: 2021 | D1: 2022 | E1: 2023 | F1: 2024 | G1: 2025
A2: Componentes | B2: =COUNTIFS(Datos!$A$2:$A$56,"2020",Datos!$B$2:$B$56,"Componentes") -> 2 | C2: =COUNTIFS(Datos!$A$2:$A$56,"2021",Datos!$B$2:$B$56,"Componentes") -> 1 | D2: =COUNTIFS(Datos!$A$2:$A$56,"2022",Datos!$B$2:$B$56,"Componentes") -> 1 | E2: =COUNTIFS(Datos!$A$2:$A$56,"2023",Datos!$B$2:$B$56,"Componentes") -> 2 | F2: =COUNTIFS(Datos!$A$2:$A$56,"2024",Datos!$B$2:$B$56,"Componentes") -> 2 | G2: =COUNTIFS(Datos!$A$2:$A$56,"2025",Datos!$B$2:$B$56,"Componentes") -> 2
A3: Ropa | B3: =COUNTIFS(Datos!$A$2:$A$56,"2020",Datos!$B$2:$B$56,"Ropa") -> 3 | C3: =COUNTIFS(Datos!$A$2:$A$56,"2021",Datos!$B$2:$B$56,"Ropa") -> 2 | D3: =COUNTIFS(Datos!$A$2:$A$56,"2022",Datos!$B$2:$B$56,"Ropa") -> 0 | E3: =COUNTIFS(Datos!$A$2:$A$56,"2023",Datos!$B$2:$B$56,"Ropa") -> 2 | F3: =COUNTIFS(Datos!$A$2:$A$56,"2024",Datos!$B$2:$B$56,"Ropa") -> 1 | G3: =COUNTIFS(Datos!$A$2:$A$56,"2025",Datos!$B$2:$B$56,"Ropa") -> 1
A4: Suplementos | B4: =COUNTIFS(Datos!$A$2:$A$56,"2020",Datos!$B$2:$B$56,"Suplementos") -> 2 | C4: =COUNTIFS(Datos!$A$2:$A$56,"2021",Datos!$B$2:$B$56,"Suplementos") -> 1 | D4: =COUNTIFS(Datos!$A$2:$A$56,"2022",Datos!$B$2:$B$56,"Suplementos") -> 1 | E4: =COUNTIFS(Datos!$A$2:$A$56,"2023",Datos!$B$2:$B$56,"Suplementos") -> 0 | F4: =COUNTIFS(Datos!$A$2:$A$56,"2024",Datos!$B$2:$B$56,"Suplementos") -> 1 | G4: =COUNTIFS(Datos!$A$2:$A$56,"2025",Datos!$B$2:$B$56,"Suplementos") -> 2
A5: Electrónica | B5: =COUNTIFS(Datos!$A$2:$A$56,"2020",Datos!$B$2:$B$56,"Electrónica") -> 1 | C5: =COUNTIFS(Datos!$A$2:$A$56,"2021",Datos!$B$2:$B$56,"Electrónica") -> 2 | D5: =COUNTIFS(Datos!$A$2:$A$56,"2022",Datos!$B$2:$B$56,"Electrónica") -> 1 | E5: =COUNTIFS(Datos!$A$2:$A$56,"2023",Datos!$B$2:$B$56,"Electrónica") -> 3 | F5: =COUNTIFS(Datos!$A$2:$A$56,"2024",Datos!$B$2:$B$56,"Electrónica") -> 3 | G5: =COUNTIFS(Datos!$A$2:$A$56,"2025",Datos!$B$2:$B$56,"Electrónica") -> 1
A6: Herramientas | B6: =COUNTIFS(Datos!$A$2:$A$56,"2020",Datos!$B$2:$B$56,"Herramientas") -> 0 | C6: =COUNTIFS(Datos!$A$2:$A$56,"2021",Datos!$B$2:$B$56,"Herramientas") -> 1 | D6: =COUNTIFS(Datos!$A$2:$A$56,"2022",Datos!$B$2:$B$56,"Herramientas") -> 1 | E6: =COUNTIFS(Datos!$A$2:$A$56,"2023",Datos!$B$2:$B$56,"Herramientas") -> 2 | F6: =COUNTIFS(Datos!$A$2:$A$56,"2024",Datos!$B$2:$B$56,"Herramientas") -> 1 | G6: =COUNTIFS(Datos!$A$2:$A$56,"2025",Datos!$B$2:$B$56,"Herramientas") -> 1
A7: Accesorios | B7: =COUNTIFS(Datos!$A$2:$A$56,"2020",Datos!$B$2:$B$56,"Accesorios") -> 0 | C7: =COUNTIFS(Datos!$A$2:$A$56,"2021",Datos!$B$2:$B$56,"Accesorios") -> 1 | D7: =COUNTIFS(Datos!$A$2:$A$56,"2022",Datos!$B$2:$B$56,"Accesorios") -> 3 | E7: =COUNTIFS(Datos!$A$2:$A$56,"2023",Datos!$B$2:$B$56,"Accesorios") -> 1 | F7: =COUNTIFS(Datos!$A$2:$A$56,"2024",Datos!$B$2:$B$56,"Accesorios") -> 0 | G7: =COUNTIFS(Datos!$A$2:$A$56,"2025",Datos!$B$2:$B$56,"Accesorios") -> 1
A8: Bicicletas | B8: =COUNTIFS(Datos!$A$2:$A$56,"2020",Datos!$B$2:$B$56,"Bicicletas") -> 0 | C8: =COUNTIFS(Datos!$A$2:$A$56,"2021",Datos!$B$2:$B$56,"Bicicletas") -> 2 | D8: =COUNTIFS(Datos!$A$2:$A$56,"2022",Datos!$B$2:$B$56,"Bicicletas") -> 1 | E8: =COUNTIFS(Datos!$A$2:$A$56,"2023",Datos!$B$2:$B$56,"Bicicletas") -> 0 | F8: =COUNTIFS(Datos!$A$2:$A$56,"2024",Datos!$B$2:$B$56,"Bicicletas") -> 1 | G8: =COUNTIFS(Datos!$A$2:$A$56,"2025",Datos!$B$2:$B$56,"Bicicletas") -> 2

Sheet Tabla de frecuencia por interva
D1: Intervalo | E1: Marca de clase | F1: Frecuencia | G1: Frecuencia Acumulada | H1: Frecuencia Relativa | I1: Frecuencia Relativa Acumulada
A2: 1000 | B2: 8500 | D2: =A2&"-"&B2 -> 1000-8500 | E2: =A2+B2/2 -> 5250 | F2: {=FREQUENCY(Datos!D2:D56,B2:B7)} -> 21 | G2: =F2 -> 21 | H2: =F2/55 -> 0.38181818 | I2: =+H2 -> 0.38181818
A3: =+B2 -> 8500 | B3: =A3+7500 -> 16000 | D3: =A3&"-"&B3 -> 8500-16000 | E3: =A3+B3/2 -> 16500 | F3: 17 | G3: =G2+F3 -> 38 | H3: =F3/55 -> 0.30909091 | I3: =I2+H3 -> 0.69090909
A4: =+B3 -> 16000 | B4: =A4+7500 -> 23500 | D4: =A4&"-"&B4 -> 16000-23500 | E4: =A4+B4/2 -> 27750 | F4: 3 | G4: =G3+F4 -> 41 | H4: =F4/55 -> 0.054545455 | I4: =I3+H4 -> 0.74545455
A5: =+B4 -> 23500 | B5: =A5+7500 -> 31000 | D5: =A5&"-"&B5 -> 23500-31000 | E5: =A5+B5/2 -> 39000 | F5: 4 | G5: =G4+F5 -> 45 | H5: =F5/55 -> 0.072727273 | I5: =I4+H5 -> 0.81818182
A6: =+B5 -> 31000 | B6: =A6+7500 -> 38500 | D6: =A6&"-"&B6 -> 31000-38500 | E6: =A6+B6/2 -> 50250 | F6: 7 | G6: =G5+F6 -> 52 | H6: =F6/55 -> 0.12727273 | I6: =I5+H6 -> 0.94545455
A7: =+B6 -> 38500 | B7: =A7+7500 -> 46000 | D7: =A7&"-"&B7 -> 38500-46000 | E7: =A7+B7/2 -> 61500 | F7: 2 | G7: =G6+F7 -> 54 | H7: =F7/55 -> 0.036363636 | I7: =I6+H7 -> 0.98181818
A8: =+B7 -> 46000 | B8: =A8+7500 -> 53500 | D8: =A8&"-"&B8 -> 46000-53500 | E8: =A8+B8/2 -> 72750 | F8: 1 | G8: =G7+F8 -> 55 | H8: =F8/55 -> 0.018181818 | I8: =I7+H8 -> 1
D9: TOTAL | F9: 55 | H9: =F9/55 -> 1

Sheet Histograma
A1: Intervalo | B1: Frecuencia
A2: 1000-8500 | B2: 21
A3: 8500-16000 | B3: 17
A4: 16000-23500 | B4: 3
A5: 23500-31000 | B5: 4
A6: 31000-38500 | B6: 7
A7: 38500-46000 | B7: 2
A8: 46000-53500 | B8: 1

Sheet Polígono de frecuencias
A1: Intervalo | B1: Frecuencia | C1: Marca de clase
A2: 0 | B2: 0 | C2: 0
A3: 1000-8500 | B3: 21 | C3: 5250
A4: 8500-16000 | B4: 17 | C4: 16500
A5: 16000-23500 | B5: 3 | C5: 27750
A6: 23500-31000 | B6: 4 | C6: 39000
A7: 31000-38500 | B7: 7 | C7: 50250
A8: 38500-46000 | B8: 2 | C8: 61500
A9: 46000-53500 | B9: 1 | C9: 72750
A10: 0 | B10: 0 | C10: 0
